cluster,area
0,3329.6396765781074
1,3081.9671394192937
2,2795.554336180479
3,1821.3411307047731
4,2674.9249598186425
